user_id,full_name,contact_email,mobile_number,password,last_login
USR0001,Vaishno Banerjee,indra.guneta@gmail.com,8434697104,Coffee2698!,Mon Aug 31
USR0002,Param Patel III,rajan.iyengar@hotmail.com,6807117020,Tiger195!,Tue Sep 01
USR0003,Manisha Singh,lakshminath.mishra@gmail.com,8593215380,Coffee1291!,Tue Aug 25
USR0004,Maheswar Naik,rajinder.varrier@gmail.com,7319128827,Cricket8953!,Tue Jul 21
USR0005,Mr. Bhudeva Desai,laxmi.sharma@hotmail.com,6459961874,Rocket8918!,Mon Aug 10
USR0006,Gita Gill,amritambu.embranthiri@hotmail.com,6130645003,Falcon8327!,Sun Aug 30
USR0007,Atreyi Nambeesan,siddarth.embranthiri@gmail.com,6795251346,Coffee8272!,Mon Aug 24
USR0008,Rajiv Singh,ekaaksh.patil@gmail.com,8202488440,Tiger1708!,Thu Jul 23
USR0009,Shantanu Varma,ameyatma.joshi@gmail.com,9652856964,Rocket4277!,Sat Jun 13
USR0010,Geeta Guneta,trilokesh.namboothiri@hotmail.com,9006260569,Sunrise8966!,Mon Jul 06
USR0011,Girija Trivedi,dhara.menon@gmail.com,8601293996,Falcon5587!,Mon Jul 06
USR0012,Abhisyanta Verma Sr.,vaishno.bhattathiri@yahoo.co.in,6893223181,Coffee8643!,Thu Aug 06
USR0013,Anila Gill,bhasvan.tandon@hotmail.com,8437900669,Rocket1540!,Mon Aug 03
USR0014,Satyen Pillai,siddhran.gowda@yahoo.co.in,6929010240,Monsoon3052!,Sat Jun 13
USR0015,Shreyashi Iyengar,anila.dwivedi@yahoo.co.in,7222848377,Coffee839!,Sat Jul 11
USR0016,Yogesh Dubashi,sukanya.pandey@hotmail.com,9122049812,Monsoon515!,Sun Aug 09
USR0017,Dev Ahuja,brahma.embranthiri@gmail.com,9017947134,Tiger6329!,Fri Jun 26
USR0018,Deeptimoy Khan,agneya.sinha@yahoo.co.in,7117979538,Chennai2979!,Wed Jun 10
USR0019,Ujjwal Chattopadhyay,rajendra.bhattathiri@yahoo.co.in,6112072883,Cricket1240!,Sun Aug 02
USR0020,Chandak Dhawan,chidaatma.pothuvaal@hotmail.com,8375264048,Tiger7786!,Fri Jul 31
USR0021,Shreyashi Nehru,sucheta.verma@gmail.com,7578697576,Chennai388!,Wed Jul 08
USR0022,Sukanya Acharya,diksha.jain@hotmail.com,7330971546,Monsoon7427!,Thu Jul 23
USR0023,Rajendra Banerjee,ajit.guneta@hotmail.com,8596616225,Monsoon3698!,Mon Jun 22
USR0024,Bhagwanti Pandey,himadri.kaur@gmail.com,9971804076,Monsoon8382!,Sat Jun 13
USR0025,Chandini Dutta,dhatri.kaur@hotmail.com,6010244250,Rocket5787!,Thu Jul 09
USR0026,Sarvin Pillai MD,girik.naik@yahoo.co.in,7072323221,Rocket1511!,Fri Jul 03
USR0027,Pran Saini,gandharva.naik@gmail.com,9389038426,Coffee2008!,Sat Aug 29
USR0028,Kamala Bandopadhyay,ajeet.abbott@yahoo.co.in,8095865316,Chennai8583!,Sun Jul 26
USR0029,Devagya Trivedi,damayanti.johar@gmail.com,6960080528,Tiger7979!,Thu Aug 06
USR0030,Adinath Jain I,karan.kaur@gmail.com,8178087140,Rocket3235!,Mon Jul 06
USR0031,Lakshmidhar Talwar Sr.,somnath.menon@gmail.com,8990572705,Cricket494!,Wed Jun 24
USR0032,Gauraang Gill,vedanshi.tandon@hotmail.com,9485498699,Falcon8220!,Thu Jul 30
USR0033,Gautam Devar,dulari.acharya@yahoo.co.in,9996413204,Monsoon2045!,Sat Aug 29
USR0034,Mani Trivedi,drona.mahajan@hotmail.com,8607039560,Chennai4043!,Sun Jun 28
USR0035,Mr. Anusuya Dhawan,ghanshyam.mahajan@hotmail.com,9310016074,Falcon528!,Sun Jun 28
USR0036,Akula Gowda,dhanu.malik@yahoo.co.in,8182837716,Rocket3412!,Wed Jul 29
USR0037,Gajadhar Nambeesan PhD,alok.rana@gmail.com,7671430012,Monsoon2373!,Sat Aug 08
USR0038,Ojaswini Achari,somnath.reddy@gmail.com,8436679509,Coffee5213!,Mon Aug 17
USR0039,Bilwa Kaniyar,mani.iyer@hotmail.com,8729115264,Rocket7591!,Thu Jul 09
USR0040,Brajendra Agarwal V,kanak.asan@gmail.com,7504594674,Chennai1081!,Tue Aug 11
USR0041,Giri Butt,vidya.singh@hotmail.com,7297072665,Coffee3089!,Thu Jul 30
USR0042,Rajinder Nambeesan,divaakar.chattopadhyay@gmail.com,7852022874,Coffee7833!,Sat Jul 04
USR0043,Chandra Jain Sr.,bhagwanti.varman@hotmail.com,8398626831,Tiger1169!,Fri Jun 12
USR0044,Deveshwar Bhattacharya,nagabhushanam.chaturvedi@hotmail.com,8127229812,Coffee3839!,Tue Sep 01
USR0045,Chandini Malik DDS,vaishno.bhat@yahoo.co.in,8251923098,Falcon8926!,Thu Jul 30
USR0046,Chiranjeeve Bhattacharya,deven.bandopadhyay@gmail.com,8622537043,Coffee2560!,Mon Jun 22
USR0047,Ms. Gemini Jha,bankimchandra.kaniyar@yahoo.co.in,8320973554,Tiger8221!,Thu Aug 27
USR0048,Ms. Rukhmani Iyer,susheel.devar@yahoo.co.in,8048196601,Monsoon8614!,Tue Jun 23
USR0049,Nimit Sharma II,chandramani.pilla@hotmail.com,6240880065,Monsoon3583!,Thu Aug 27
USR0050,Giri Devar,dinkar.khatri@gmail.com,6456467808,Chennai5945!,Tue Jun 09
USR0051,Niranjan Acharya,gopal.nayar@gmail.com,7747279100,Tiger4487!,Wed Aug 12
USR0052,Adhrit Varman,vaishnavi.patil@hotmail.com,8244369842,Chennai8251!,Sat Jun 13
USR0053,Ranjeet Sinha,chandra.nehru@gmail.com,7576466884,Monsoon3303!,Thu Jul 16
USR0054,Ms. Sachin Dhawan,kailash.nayar@yahoo.co.in,7254455321,Coffee7814!,Mon Aug 03
USR0055,Ekalavya Dubashi,aadrika.varman@yahoo.co.in,6769641797,Coffee8129!,Thu Jun 18
USR0056,Shashikala Bhattathiri,chatur.joshi@yahoo.co.in,8605918960,Cricket6104!,Wed Jul 08
USR0057,Mrs. Aashritha Chattopadhyay,divaakar.devar@yahoo.co.in,9339145461,Tiger4472!,Sat Aug 01
USR0058,Trilok Shah,aditeya.kakkar@yahoo.co.in,9102356321,Chennai7686!,Mon Jun 15
USR0059,Agneya Nayar,rajinder.bhat@yahoo.co.in,7415991881,Coffee6914!,Sat Aug 29
USR0060,Kalpana Patil,sloka.reddy@yahoo.co.in,9954950977,Coffee5790!,Thu Jul 23
USR0061,Mr. Jai Naik,jaimini.varma@yahoo.co.in,8482844870,Coffee1799!,Sun Aug 02
USR0062,Gudakesa Somayaji,chetanaanand.talwar@yahoo.co.in,8657218211,Rocket7500!,Tue Jul 07
USR0063,Chiranjeeve Bandopadhyay DDS,deeptimoy.chopra@gmail.com,6518772027,Sunrise2845!,Thu Jun 25
USR0064,Dr. Dhanadeepa Abbott,purnima.joshi@yahoo.co.in,6556886214,Cricket7012!,Thu Jul 16
USR0065,Mohana Ahluwalia,dharmaketu.nehru@gmail.com,8666242040,Cricket4493!,Sat Jul 04
USR0066,Mrs. Lakshmi Mishra,swami.guha@hotmail.com,6437156662,Chennai8089!,Thu Jul 30
USR0067,Ambar Johar,bhudeva.nehru@hotmail.com,9193410767,Monsoon7557!,Sun Jul 19
USR0068,Chapala Marar,deependra.khan@gmail.com,6497649255,Sunrise2875!,Sun Jun 28
USR0069,Ekalavya Naik,gajabahu.gowda@yahoo.co.in,8768494991,Sunrise5429!,Tue Aug 18
USR0070,Sukanya Saini,ramesh.menon@gmail.com,7301937373,Falcon4707!,Fri Aug 14
USR0071,Charuvrat Saini,krishnadasa.pillai@gmail.com,6207557787,Tiger3981!,Mon Jun 15
USR0072,Somu Mishra,ranjeet.nair@hotmail.com,6059247794,Coffee93!,Sat Jun 20
USR0073,Gorakhnath Dubashi I,deepankar.somayaji@hotmail.com,8117671127,Cricket4052!,Wed Jul 22
USR0074,Alok Khanna Jr.,dayamayee.acharya@hotmail.com,7090949574,Tiger1131!,Sun Aug 09
USR0075,Jaya Iyer,chandan.mehrotra@hotmail.com,6847068306,Falcon8041!,Sat Aug 08
USR0076,Bhaasvan Nambeesan,girish.gupta@hotmail.com,9009271009,Monsoon5001!,Tue Jun 23
USR0077,Chidambar Gowda,jaimini.menon@hotmail.com,9834121348,Coffee3879!,Thu Jul 09
USR0078,Aslesha Patel,shridevi.sharma@yahoo.co.in,9766693144,Falcon6277!,Sun Aug 16
USR0079,Girik Dwivedi,rupinder.bhat@hotmail.com,9586538214,Sunrise3234!,Mon Aug 03
USR0080,Manik Dutta,ojaswini.mishra@hotmail.com,6423393835,Cricket2094!,Thu Jul 23
USR0081,Mr. Achyut Butt,dhatri.mehrotra@gmail.com,8641415434,Tiger8826!,Fri Jun 19
USR0082,Mrs. Elakshi Ahluwalia,anand.johar@gmail.com,6875789122,Rocket7367!,Sat Sep 05
USR0083,Sujata Patil,aadrika.bharadwaj@gmail.com,9776332882,Tiger5437!,Mon Jul 27
USR0084,Dipendra Naik,rukhmani.shukla@yahoo.co.in,6081403255,Chennai5037!,Sat Jul 04
USR0085,Mrs. Ranjeet Mehrotra,laxmi.verma@gmail.com,6202381246,Coffee4696!,Sat Jun 27
USR0086,Giri Chattopadhyay,anwesha.trivedi@yahoo.co.in,7305314707,Monsoon3736!,Tue Aug 04
USR0087,Dr. Aadinath Sinha,tej.pandey@yahoo.co.in,6820476158,Sunrise4307!,Wed Jun 24
USR0088,Chinmayanand Banerjee,eshita.kaul@hotmail.com,7785074318,Sunrise8093!,Wed Jun 10
USR0089,Suryakantam Devar II,dhanpati.mishra@yahoo.co.in,9861756942,Sunrise3622!,Mon Jul 27
USR0090,Kamala Dutta PhD,deven.nambeesan@hotmail.com,7499481706,Cricket1860!,Thu Jul 23
USR0091,Ankal Mishra,adinath.nayar@gmail.com,9457767404,Falcon8371!,Thu Aug 27
USR0092,Narinder Joshi I,somu.banerjee@hotmail.com,6911071023,Chennai8259!,Sun Aug 02
USR0093,Bakula Jain,mahesh.bhattacharya@hotmail.com,6357670615,Coffee8009!,Fri Jul 17
USR0094,Balachandra Mehrotra,chidaatma.dhawan@hotmail.com,6585377446,Cricket3481!,Thu Jul 23
USR0095,Siddarth Johar I,arindam.sethi@hotmail.com,6593319321,Monsoon1593!,Sat Jul 11
USR0096,Abhaya Asan,anjushri.patil@gmail.com,8942256735,Monsoon7572!,Mon Aug 10
USR0097,Mrs. Garuda Talwar,kanak.johar@hotmail.com,9903911711,Sunrise7952!,Fri Jul 24
USR0098,Jahnu Pilla,adhiraj.shukla@gmail.com,7642066553,Tiger2627!,Sat Aug 15
USR0099,Devani Tandon,jagdeep.jain@gmail.com,7127406585,Coffee3278!,Fri Jun 26
USR0100,Bhudeva Dwivedi DDS,bhaswar.asan@hotmail.com,8302601872,Cricket1255!,Mon Aug 17
